Plat;Type
Tacos au poulet;Tacos
Tacos à la viande hachée;Tacos
Tacos végétarien;Tacos
Tacos aux légumes grillés;Tacos
Tacos aux crevettes;Tacos
Tacos au poisson;Tacos
Tacos au guacamole;Tacos
Tacos au fromage;Tacos
Tacos au chorizo;Tacos
Tacos au porc mariné;Tacos
Tacos au boeuf grillé;Tacos
Tacos au pulled pork;Tacos
Tacos au bœuf haché;Tacos
Tacos au poulet frit;Tacos
Tacos au cheddar fondu;Tacos
Tacos au saumon grillé;Tacos
Tacos à la coriandre;Tacos
Tacos à l'oignon rouge;Tacos
Tacos à l'avocat;Tacos
Tacos à la mangue;Tacos
Tacos à la salsa;Tacos
Tacos à la crème fraîche;Tacos
Tacos à la sauce piquante;Tacos
Tacos à la salade verte;Tacos
Tacos à la tomate;Tacos
Tacos à l'ail;Tacos
Tacos à la citronnelle;Tacos
Tacos à la menthe;Tacos
Tacos à la coriandre;Tacos
Tacos à la cacahuète;Tacos
Pizza Margherita;Pizza
Pizza Pepperoni;Pizza
Pizza Quatre fromages;Pizza
Pizza Napolitaine;Pizza
Pizza Végétarienne;Pizza
Pizza Chorizo;Pizza
Pizza Royale;Pizza
Pizza Hawaïenne;Pizza
Pizza Calzone;Pizza
Pizza Capricciosa;Pizza
Pizza Prosciutto e Funghi;Pizza
Pizza Diavola;Pizza
Pizza Tartufo;Pizza
Pizza Salmone;Pizza
Pizza Bresaola;Pizza
Pizza Bianca;Pizza
Pizza Gorgonzola;Pizza
Pizza Carbonara;Pizza
Pizza Marinara;Pizza
Pizza Focaccia;Pizza
Pizza Alla Norma;Pizza
Pizza Tonno e Cipolla;Pizza
Pizza Al Taglio;Pizza
Pizza Pesto;Pizza
Pizza Funghi;Pizza
Pizza Margherita D.O.P;Pizza
Pizza Siciliana;Pizza
Pizza Parmigiana;Pizza
Pizza Porchetta;Pizza
Pizza Burrata;Pizza
Sandwich au jambon-beurre;Sandwich
Club sandwich;Sandwich
BLT sandwich;Sandwich
Sandwich au poulet grillé;Sandwich
Sandwich au thon;Sandwich
Sandwich au saumon fumé;Sandwich
Sandwich au bœuf grillé;Sandwich
Sandwich végétarien;Sandwich
Sandwich au fromage grillé;Sandwich
Sandwich Reuben;Sandwich
Sandwich à la dinde;Sandwich
Sandwich à la salade de poulet;Sandwich
Panini au fromage;Sandwich
Panini à la dinde;Sandwich
Panini au jambon;Sandwich
Wrap au poulet;Sandwich
Wrap au saumon fumé;Sandwich
Wrap végétarien;Sandwich
Bagel au saumon fumé;Sandwich
Bagel au fromage frais;Sandwich
Baguette au jambon cru;Sandwich
Baguette au fromage de chèvre;Sandwich
Bánh mì au porc grillé;Sandwich
Bocadillo à la tortilla espagnole;Sandwich
Shawarma au poulet;Sandwich
Falafel pita;Sandwich
Gyro pita;Sandwich
Katsu sandwich;Sandwich
Sandwich au porc effiloché;Sandwich
Sandwich à la dinde fumée;Sandwich
Salade César;Salade
Salade Nicoise;Salade
Salade Grecque;Salade
Salade Waldorf;Salade
Salade Cobb;Salade
Salade Caprese;Salade
Salade Niçoise;Salade
Salade de poulet grillé;Salade
Salade de thon;Salade
Salade de saumon fumé;Salade
Salade de quinoa;Salade
Salade de riz;Salade
Salade de pâtes;Salade
Salade de betteraves rôties;Salade
Salade de tomates et de mozzarella;Salade
Salade de pommes de terre;Salade
Salade de chou;Salade
Salade de carottes râpées;Salade
Salade de kale;Salade
Salade de brocolis;Salade
Salade de lentilles;Salade
Salade de haricots verts;Salade
Salade de fruits de mer;Salade
Salade de poulet tandoori;Salade
Salade de poulet cajun;Salade
Salade de porc émincé;Salade
Salade de steak grillé;Salade
Salade de tofu;Salade
Salade de poulet croustillant;Salade
Soupe à l'oignon;Salade
Velouté de potiron;Salade
Salade de chèvre chaud;Salade
Frites de patates douces;Salade
Ailes de poulet croustillantes;Entrée
Rouleaux de printemps;Entrée
Croquettes de crabe;Entrée
Boulettes de viande;Entrée
Beignets de crevettes;Entrée
Bruschetta;Entrée
Chips de tortilla avec guacamole;Entrée
Nachos avec salsa et fromage fondu;Entrée
Crevettes grillées;Entrée
Saumon fumé sur toast;Entrée
Huîtres au citron;Entrée
Tartare de saumon;Entrée
Assiette de charcuterie;Entrée
Assiette de fromages;Entrée
Soupe de poisson;Entrée
Escargots à la bourguignonne;Entrée
Tartine d'avocat et de saumon fumé;Entrée
Gaspacho andalou;Entrée
Tomates farcies;Entrée
Terrine de foie gras;Entrée
Saucisses de Francfort;Entrée
Beignets d'oignons;Entrée
Salade de fruits de mer;Salade
Salade de chèvre chaud et figues;Salade
Salade de betteraves et fromage de chèvre;Salade
Plateau de crudités;Entrée
Carpaccio de bœuf;Entrée
Salade de poulet à la thaïlandaise;Salade
Antipasti;Entrée
Tzatziki avec pita grillé;Entrée
Samoussas aux légumes;Entrée
Rouleaux de printemps végétariens;Entrée
Nachos avec chili con carne et fromage fondu;Entrée
Crevettes sautées à l'ail et au persil;Entrée
Escalope de foie gras poêlée;Entrée
Plateau de fruits de mer;Entrée
Tarte à l'oignon;Entrée
Moules marinières;Entrée
Salade de pastèque et de feta;Salade
Potage de légumes;Soupe
Brochettes de poulet mariné;Entrée
Crostinis aux champignons;Entrée
Beignets de calamars;Entrée
Tartare de thon rouge;Entrée
Crevettes en tempura;Entrée
Soupe miso;Soupe
Croustilles de pommes de terre truffées;Entrée
Hushpuppies (beignets de maïs);Entrée
Chèvre chaud sur toast avec confiture de figues;Entrée
Assiette de tapas;Entrée
Oeufs mimosa;Entrée
Tarte fine aux poireaux;Entrée
Farcis niçois;Entrée
Tomates séchées marinées;Entrée
Salade de concombre et de melon;Salade
Eau plate;Boisson
Eau gazeuse;Boisson
Coca-Cola;Boisson
Sprite;Boisson
Jus d'orange;Boisson
Jus de pomme;Boisson
Jus de raisin;Boisson
Limonade;Boisson
Thé vert;Boisson
Thé noir;Boisson
Thé à la menthe;Boisson
Café noir;Boisson
Café latte;Boisson
Cappuccino;Boisson
Espresso;Boisson
Smoothie aux fruits;Boisson
Smoothie aux légumes;Boisson
Lassi à la mangue;Boisson
Lassi à la rose;Boisson
Milkshake à la vanille;Boisson
Milkshake au chocolat;Boisson
Chocolat chaud;Boisson
Bière blonde;Boisson
Bière brune;Boisson
Vin blanc;Boisson
Vin rouge;Boisson
Sangria;Boisson
Margarita;Boisson
Mojito;Boisson
Piña colada;Boisson
Gin tonic;Boisson
Bloody Mary;Boisson
Old Fashioned;Boisson
Cosmopolitan;Boisson
Manhattan;Boisson
Daiquiri;Boisson
Bellini;Boisson
Mimosa;Boisson
Vodka tonic;Boisson
Tequila sunrise;Boisson
Mojito sans alcool;Boisson
Pina colada sans alcool;Boisson
Limonade maison;Boisson
Iced tea maison;Boisson
Jus de cranberry;Boisson
Jus de pamplemousse;Boisson
Jus de carotte;Boisson
Chai latte;Boisson
Matcha latte;Boisson
Bubble tea au lait;Boisson
Soda à la cerise;Boisson
Soda au citron;Boisson
Soda à l'orange;Boisson
Bière blonde belge;Boisson
Bière IPA;Boisson
Bière blanche;Boisson
Bière ambrée;Boisson
Rosé;Boisson
Champagne;Boisson
Vin chaud;Boisson
Nigiri saumon;Sushi
Nigiri thon;Sushi
Nigiri crevette;Sushi
Nigiri anguille;Sushi
Nigiri tamago;Sushi
Sashimi saumon;Sushi
Sashimi thon;Sushi
Sashimi dorade;Sushi
California Roll;Sushi
Maki avocat;Sushi
Maki concombre;Sushi
Maki thon;Sushi
Futomaki;Sushi
Gunkan tobiko;Sushi
Gunkan saumon;Sushi
Gunkan thon;Sushi
Temaki saumon;Sushi
Temaki thon;Sushi
Temaki avocat;Sushi
Temaki crevette;Sushi
Chirashi;Sushi
Oshizushi;Sushi
Inari sushi;Sushi
Dragon Roll;Sushi
Rainbow Roll;Sushi
Spider Roll;Sushi
Volcano Roll;Sushi
Uramaki saumon avocat;Sushi
Uramaki thon avocat;Sushi
Uramaki concombre avocat;Sushi
Uramaki crevette tempura;Sushi
Hosomaki saumon;Sushi
Hosomaki thon;Sushi
Hosomaki concombre;Sushi
Kappa maki;Sushi
Tekka maki;Sushi
Salmon maki;Sushi
Ebi tempura maki;Sushi
Philly Roll;Sushi
Spicy Tuna Roll;Sushi
Tekka maki roll;Sushi
Uramaki spider roll;Sushi
Tekka temaki;Sushi
Futo maki roll;Sushi
Dragon maki roll;Sushi
Rock and roll;Sushi
Salmon skin roll;Sushi
Rainbow roll;Sushi
Sushi burger;Sushi
Sushi pizza;Sushi
Hiyashi chuka;Sushi
Oshizushi hako;Sushi
Inari age;Sushi
Ikayaki;Sushi
Ebi furai;Sushi
Wakame salad;Sushi
Sunomono;Sushi
Edamame;Sushi
Crêpe Suzette;Crêpe
Crêpe complète;Crêpe
Crêpe au sucre;Crêpe
Crêpe aux fraises;Crêpe
Crêpe au Nutella;Crêpe
Crêpe aux pommes;Crêpe
Crêpe au chocolat;Crêpe
Crêpe au caramel beurre salé;Crêpe
Crêpe aux champignons;Crêpe
Crêpe au saumon fumé;Crêpe
Crêpe aux épinards;Crêpe
Crêpe au fromage de chèvre;Crêpe
Crêpe au poulet et au curry;Crêpe
Crêpe aux crevettes;Crêpe
Crêpe aux fruits de mer;Crêpe
Crêpe aux écrevisses;Crêpe
Crêpe aux escargots;Crêpe
Crêpe aux noix;Crêpe
Crêpe aux figues;Crêpe
Crêpe à la confiture;Crêpe
Crêpe à la banane;Crêpe
Crêpe aux myrtilles;Crêpe
Crêpe à la cannelle;Crêpe
Crêpe à la confiture de lait;Crêpe
Crêpe à l'orange;Crêpe
Crêpe à la crème de marrons;Crêpe
Crêpe à la rhubarbe;Crêpe
Crêpe aux framboises;Crêpe
Crêpe à la confiture de fraises;Crêpe
Crêpe au kiwi;Crêpe
Crêpe au miel;Crêpe
Crêpe aux abricots;Crêpe
Crêpe au citron;Crêpe
Crêpe à la pâte d'amande;Crêpe
Crêpe à la vanille;Crêpe
Crêpe à la confiture d'abricots;Crêpe
Crêpe au café;Crêpe
Crêpe aux cerises;Crêpe
Crêpe à la noix de coco;Crêpe
Crêpe à la crème d'amandes;Crêpe
Wrap au poulet;Wrap
Wrap végétarien;Wrap
Wrap au saumon fumé;Wrap
Wrap au thon;Wrap
Wrap à l'avocat;Wrap
Wrap au boeuf grillé;Wrap
Wrap au jambon et fromage;Wrap
Wrap au bacon;Wrap
Wrap au fromage de chèvre;Wrap
Wrap aux crevettes;Wrap
Wrap aux oeufs et aux légumes;Wrap
Wrap au porc effiloché;Wrap
Wrap au tempeh;Wrap
Wrap au fromage bleu;Wrap
Wrap à la dinde;Wrap
Wrap à la salade césar;Wrap
Wrap à la feta;Wrap
Wrap au saumon grillé;Wrap
Wrap aux épinards et feta;Wrap
Wrap au tofu;Wrap
Wrap à la viande hachée;Wrap
Wrap au fromage de cheddar;Wrap
Wrap au saumon fumé et avocat;Wrap
Wrap à la viande de boeuf hachée;Wrap
Wrap à la tapenade d'olives;Wrap
Tajine aux pruneaux;Tajine
Tajine aux abricots;Tajine
Tajine de poulet aux olives;Tajine
Tajine de kefta;Tajine
Tajine de veau aux légumes;Tajine
Tajine d'agneau aux pruneaux;Tajine
Tajine de poisson;Tajine
Tajine de poulet aux citrons confits;Tajine
Tajine de poulet au miel;Tajine
Tajine de boulettes de viande;Tajine
Tajine de poulet aux amandes;Tajine
Tajine de viande hachée;Tajine
Tajine de poulet aux carottes;Tajine
Tajine de poulet aux légumes;Tajine
Tajine de viande aux haricots;Tajine
Tajine de poulet aux pruneaux et aux amandes;Tajine
Tajine d'agneau aux olives;Tajine
Tajine de poulet aux figues;Tajine
Tajine de poisson aux légumes;Tajine
Tajine de poulet aux artichauts;Tajine
Tajine de poulet aux dattes;Tajine
Tajine de viande aux oignons et aux raisins secs;Tajine
Tajine de poulet aux poivrons;Tajine
Tajine de boulettes de poisson;Tajine
Tajine de poulet aux champignons;Tajine
Tajine de viande aux courgettes;Tajine
Tajine de poulet aux tomates;Tajine
Tajine de poisson aux olives;Tajine
Tajine de poulet aux navets;Tajine
Pad Thai végétarien;Noodles
Ramen au poulet;Noodles
Soupe de nouilles au boeuf;Noodles
Nouilles sautées au boeuf;Noodles
Yakisoba végétarien;Noodles
Nouilles aux crevettes;Noodles
Nouilles aux légumes;Noodles
Ramen au porc;Noodles
Nouilles sautées au poulet;Noodles
Soupe de nouilles aux légumes;Noodles
Nouilles aux fruits de mer;Noodles
Pad See Ew au poulet;Noodles
Nouilles de riz sautées au poulet;Noodles
Nouilles de soba froides;Noodles
Nouilles de riz sautées aux légumes;Noodles
Ramen au boeuf;Noodles
Nouilles sautées aux crevettes;Noodles
Soupe de nouilles au porc;Noodles
Yakisoba au porc;Noodles
Nouilles sautées au tofu;Noodles
Soupe de nouilles aux crevettes;Noodles
Nouilles sautées au porc;Noodles
Nouilles de riz sautées au boeuf;Noodles
Soupe de nouilles au poulet;Noodles
Nouilles sautées aux fruits de mer;Noodles
Nouilles de riz sautées au poulet;Noodles
Yakisoba aux crevettes;Noodles
Nouilles sautées au saumon;Noodles
Soupe de nouilles aux fruits de mer;Noodles
Soupe de ramen végétarienne;Noodles
Nouilles sautées à la sauce soja;Noodles
Nouilles sautées à l'ail et au gingembre;Noodles
Soupe de ramen aux légumes;Noodles
Nouilles sautées à la thaïlandaise;Noodles
Ramen aux champignons;Noodles
Soupe de ramen au miso;Noodles
Nouilles sautées à la noix de coco;Noodles
Soupe de ramen au boeuf;Noodles
Nouilles sautées à la citronnelle;Noodles
Soupe de ramen au poulet;Noodles
Nouilles sautées au porc et aux légumes;Noodles
Soupe de ramen aux fruits de mer;Noodles
Nouilles sautées à la sauce hoisin;Noodles
Soupe de ramen au canard;Noodles
Nouilles sautées au bœuf et aux haricots noirs;Noodles
Soupe de ramen aux épinards;Noodles
Nouilles sautées au gingembre et à l'orange;Noodles
Soupe de ramen au kimchi;Noodles
Nouilles sautées à la pâte de curry rouge;Noodles
Tarte aux pommes;Dessert
Mousse au chocolat;Dessert
Crème brûlée;Dessert
Tiramisu;Dessert
Cheesecake aux fruits rouges;Dessert
Fondant au chocolat;Dessert
Glace à la vanille;Dessert
Tarte au citron;Dessert
Île flottante;Dessert
Panna cotta à la fraise;Dessert
Gâteau à la carotte;Dessert
Sorbet à la mangue;Dessert
Crêpes sucrées;Dessert
Gâteau au chocolat et aux noix;Dessert
Tartelette aux fraises;Dessert
Muffins aux myrtilles;Dessert
Crumble aux pommes;Dessert
Tarte tatin aux pommes;Dessert
Pudding au pain;Dessert
Churros avec sauce au chocolat;Dessert
Profiteroles au chocolat;Dessert
Donuts aux glaçages variés;Dessert
Brownie aux noix;Dessert
Charlotte aux fraises;Dessert
Beignets aux pommes;Dessert
Gâteau aux bananes;Dessert
Mousse de fraises;Dessert
Tarte aux fraises et à la crème pâtissière;Dessert
Yaourt glacé aux fruits rouges;Dessert
Éclair au chocolat;Dessert
Gâteau à la noix de coco;Dessert
Crème caramel;Dessert
Mille-feuille;Dessert
Tarte aux poires;Dessert
Salade de fruits frais;Dessert
Pudding au chocolat;Dessert
Gaufres au Nutella;Dessert
Soufflé au citron;Dessert
Sablé breton aux fruits rouges;Dessert
Sorbet au citron;Dessert
Verrine de fruits exotiques;Dessert
Tarte aux cerises;Dessert
Gâteau à la banane et aux noix;Dessert
Clafoutis aux cerises;Dessert
Crêpes Suzette;Dessert
Chocolat chaud avec chantilly;Dessert
Trifle aux fraises;Dessert
Gâteau au yaourt et aux pommes;Dessert
Chaussons aux pommes;Dessert
Croissant;Viennoiserie
Pain au chocolat;Viennoiserie
Brioche;Viennoiserie
Chausson aux pommes;Viennoiserie
Pain aux raisins;Viennoiserie
Escargot aux raisins;Viennoiserie
Palmier;Viennoiserie
Chouquettes;Viennoiserie
Mille-feuille;Viennoiserie
Tarte tropézienne;Viennoiserie
Donut;Viennoiserie
Pains suisses;Viennoiserie
Pain au lait;Viennoiserie
Pain aux amandes;Viennoiserie
Torsade;Viennoiserie
Gâche;Viennoiserie
Croissant aux amandes;Viennoiserie
Kouign-amann;Viennoiserie
Pain brioché;Viennoiserie
Pain au sarrasin;Viennoiserie
Pain aux graines;Viennoiserie
Pain de mie;Viennoiserie
Panettone;Viennoiserie
Pandoro;Viennoiserie
Fougasse aux olives;Viennoiserie
Pain au levain;Viennoiserie
Baguette viennoise;Viennoiserie
Tresse;Viennoiserie
Pogne;Viennoiserie
Pains au lait au chocolat;Viennoiserie
Kipferl;Viennoiserie
Krantz cake;Viennoiserie
Torsade au chocolat;Viennoiserie
Pains au lait aux raisins;Viennoiserie
Pain au citron;Viennoiserie
Pain à la cannelle;Viennoiserie
Pithiviers;Viennoiserie
Galette des rois;Viennoiserie
Chinois aux pépites de chocolat;Viennoiserie
Pain aux noix;Viennoiserie
Croissant fourré aux amandes;Viennoiserie
Couques de Dinant;Viennoiserie
Tresse au beurre;Viennoiserie
Pain à la vanille;Viennoiserie
Chouquettes au chocolat;Viennoiserie
Kanelbullar;Viennoiserie
Brioche Nanterre;Viennoiserie
Bostock;Viennoiserie
Pavé du Marais;Viennoiserie
Pain bagnat;Viennoiserie
Pain viennois;Viennoiserie
Pain grec;Viennoiserie
Brioche Vendéenne;Viennoiserie
Panini au fromage;Viennoiserie
Cornet de Murat;Viennoiserie
Pain choco-noisette;Viennoiserie
Carré de l'Est;Viennoiserie
Pain croquant;Viennoiserie
Espresso;Café
Ristretto;Café
Lungo;Café
Americano;Café
Cappuccino;Café
Latte Macchiato;Café
Flat White;Café
Mocha;Café
Irish Coffee;Café
Café corretto;Café
Café frappé;Café
Iced Latte;Café
Café au lait;Café
Café crème;Café
Café noisette;Café
Café viennois;Café
Café allongé;Café
Café turc;Café
Café filtre;Café
Café instantané;Café
Caffè Shakerato;Café
Caffè Marocchino;Café
Caffè Romano;Café
Affogato al caffè;Café
Bicerin;Café
Café de olla;Café
Café bombón;Café
Cafezinho;Café
Kopi Luwak;Café
Turkish coffee;Café
Café Cubano;Café
Café con leche;Café
Café cortado;Café
Espresso con panna;Café
Espresso con bicerin;Café
Espresso con moscato;Café
Espresso con zucchero;Café
Latte d'orzo;Café
Latte di mandorla;Café
Café de olla con chocolate;Café
Café viennois au chocolat;Café
Caffè con panna;Café
Caffè ginseng;Café
Caffè lungo con ghiaccio;Café
Caffè con la schiuma di latte;Café
Caffè del nonno;Café
Caffè del professore;Café
Caffè del risveglio;Café
Caffè doppio;Café
Café glacé au lait;Café
Caffè macchiato freddo;Café
Caffè monte bianco;Café
Caffè pagato;Café
Caffè shakerato con sciroppo di menta;Café
Caffè straordinario;Café
Espresso con crema di caffè e whisky;Café
Espresso con crema di nocciole;Café
Espresso con crema di pistacchi;Café
Espresso con crema di zabaione;Café
Harira;Soupe
Briouates au fromage;Entrée
Briouates à la viande;Entrée
Zaalouk;Salade
Carottes marinées;Salade
Salade marocaine;Salade
Salade de betteraves;Salade
Salade de poivrons grillés;Salade
Salade de concombre et tomate;Salade
Salade de fèves fraîches;Salade
Chermoula de sardines;Sauce
Chermoula de crevettes;Sauce
Chakchouka;Entrée
Kefta marinée aux herbes;Entrée
Kefta grillée;Entrée
Salade de fruits de mer;Salade
Salade marocaine aux oranges;Salade
Salade de carottes à la marocaine;Salade
Salade d'aubergines grillées;Salade
Salade de courgettes grillées;Salade
Salade de pois chiches et tomates cerises;Salade
Salade de lentilles aux épices;Salade
Pastilla aux fruits de mer;Entrée
Boulettes de viande à la coriandre et citron confit;Entrée
Briouates au poulet;Entrée
Briouates aux légumes;Entrée
Zaalouk aux aubergines;Salade
Salade de poivrons marinés;Salade
Salade de carottes aux raisins et aux amandes;Salade
Salade de chou-fleur à la marocaine;Salade
Briouates au poulet;Entrée
Salade marocaine;Entrée
Harira;Soupe
Tajine de boulettes de viande;Entrée
Zaalouk;Salade
Chorba;Soupe
Chakchouka;Entrée
Felfel b' Zeit;Entrée
Batbout farci;Entrée
Cornes de gazelle;Pâtisserie
Salade d'orange marocaine;Salade
Feuilles de brick farcies aux épinards et à la feta;Entrée
Salade de carottes à la marocaine;Salade
Kalentika;Entrée
Kefta Mkaouara;Entrée
Salade de lentilles marocaine;Salade
Salade d'aubergines grillées;Salade
Rfissa;Tajine
Crevettes à la chermoula;Entrée
Pastilla au poulet;Pâtisserie
Briouats aux amandes et au miel;Pâtisserie
Harira aux boulettes de viande;Soupe
Taktouka;Entrée
Seffa au poulet;Tajine
Sardines grillées;Entrée
Salade de fèves marocaine;Salade
Chermoula;Entrée
Oeufs brouillés à la marocaine;Entrée
Frites de patate douce;Entrée
Boulettes de sardines;Entrée
Éclair;Pâtisserie
Tarte aux pommes;Pâtisserie
Paris-Brest;Pâtisserie
Religieuse;Pâtisserie
Macaron;Pâtisserie
Mille-feuille;Pâtisserie
Opéra;Pâtisserie
Chouquette;Pâtisserie
Baba au rhum;Pâtisserie
Tarte citron meringuée;Pâtisserie
Chausson aux pommes;Pâtisserie
Pain au chocolat;Pâtisserie
Croissant;Pâtisserie
Brioche;Pâtisserie
Kouign-amann;Pâtisserie
Quatre-quarts;Pâtisserie
Financier;Pâtisserie
Madeleine;Pâtisserie
Saint-Honoré;Pâtisserie
Cannele;Pâtisserie
Pithiviers;Pâtisserie
Tarte tatin;Pâtisserie
Far breton;Pâtisserie
Galette des rois;Pâtisserie
Pâte à choux;Pâtisserie
Rocher coco;Pâtisserie
Napolitain;Pâtisserie
Chinois;Pâtisserie
Flan pâtissier;Pâtisserie
Cannelé bordelais;Pâtisserie
Tarte aux fraises;Pâtisserie
Cheesecake;Pâtisserie
Muffin;Pâtisserie
Brownie;Pâtisserie
Cake;Pâtisserie
Tarte aux poires;Pâtisserie
Tartelette aux fruits;Pâtisserie
Pain perdu;Pâtisserie
Gâteau au yaourt;Pâtisserie
Clafoutis;Pâtisserie
Burrito au poulet;Burrito
Burrito végétarien;Burrito
Burrito au bœuf;Burrito
Burrito au porc;Burrito
Burrito aux haricots noirs;Burrito
Burrito aux légumes grillés;Burrito
Burrito aux champignons;Burrito
Burrito aux crevettes;Burrito
Burrito au poisson;Burrito
Burrito au fromage;Burrito
Burrito au chorizo;Burrito
Burrito aux épinards;Burrito
Burrito aux patates douces;Burrito
Burrito au quinoa;Burrito
Burrito aux avocats;Burrito
Burrito aux poivrons;Burrito
Burrito aux noix de cajou;Burrito
Burrito aux fruits de mer;Burrito
Burrito au tofu;Burrito
Burrito aux courgettes;Burrito
Burrito au jambon;Burrito
Burrito à l'agneau;Burrito
Burrito au chou-fleur;Burrito
Burrito aux olives;Burrito
Burrito au canard;Burrito
Burrito aux tomates;Burrito
Burrito aux oignons;Burrito
Burrito aux poireaux;Burrito
Burrito aux pommes de terre;Burrito
Burrito aux anchois;Burrito
Burrito aux crevettes et poulet;Burrito
Burrito aux champignons et poulet;Burrito
Burrito aux épinards et feta;Burrito
Burrito aux patates douces et épinards;Burrito
Burrito aux haricots rouges et maïs;Burrito
Burrito aux oeufs brouillés et fromage;Burrito
Burrito au saumon fumé;Burrito
Burrito aux figues et noix;Burrito
Burrito aux pommes et cheddar;Burrito
Burrito aux carottes et chou rouge;Burrito
Steak Burger;Burger
Black Bean Burger;Burger
Chicken Burger;Burger
Lamb Burger;Burger
Teriyaki Burger;Burger
Buffalo Burger;Burger
Portobello Mushroom Burger;Burger
Tuna Burger;Burger
Falafel Burger;Burger
Reuben Burger;Burger
Philly Cheeseburger;Burger
Mediterranean Burger;Burger
Gourmet Burger;Burger
Pesto Burger;Burger
Guacamole Burger;Burger
Breakfast Burger;Burger
Surf and Turf Burger;Burger
French Onion Burger;Burger
Chili Cheeseburger;Burger
Korean BBQ Burger;Burger
Cheeseburger;Burger
Hamburger;Burger
Bacon Cheeseburger;Burger
Veggie Burger;Burger
Turkey Burger;Burger
Mushroom Swiss Burger;Burger
BBQ Burger;Burger
Jalapeno Burger;Burger
Hawaiian Burger;Burger
Western Burger;Burger
Filet de bœuf;Filet
Filet de poulet;Filet
Filet de porc;Filet
Filet de saumon;Filet
Filet de truite;Filet
Filet de cabillaud;Filet
Filet de dorade;Filet
Filet de sole;Filet
Filet de flétan;Filet
Filet de rouget;Filet
Filet de thon;Filet
Filet de lotte;Filet
Filet de colin;Filet
Filet de bar;Filet
Filet de lieu;Filet
Filet de merlan;Filet
Filet de carrelet;Filet
Filet de maquereau;Filet
Filet de sardine;Filet
Filet de hareng;Filet
Filet de canard;Filet
Filet de lapin;Filet
Filet de veau;Filet
Filet de dinde;Filet
Filet de pintade;Filet
Filet de chapon;Filet
Filet de perdreau;Filet
Filet de faisan;Filet
Filet de caille;Filet
Spaghetti;Pasta
Penne;Pasta
Linguine;Pasta
Fusilli;Pasta
Farfalle;Pasta
Rigatoni;Pasta
Fettuccine;Pasta
Tagliatelle;Pasta
Pappardelle;Pasta
Lasagne;Pasta
Cannelloni;Pasta
Ravioli;Pasta
Tortellini;Pasta
Capellini;Pasta
Ziti;Pasta
Orzo;Pasta
Rotini;Pasta
Cavatappi;Pasta
Bucatini;Pasta
Conchiglie;Pasta
Gemelli;Pasta
Macaroni;Pasta
Orecchiette;Pasta
Spaghettini;Pasta
Vermicelli;Pasta
Manicotti;Pasta
Acini di Pepe;Pasta
Ditalini;Pasta
Angel Hair;Pasta
Strozzapreti;Pasta
Spaghetti alla Carbonara;Pasta
Spaghetti al Pomodoro;Pasta
Spaghetti aglio e olio;Pasta
Spaghetti alle vongole;Pasta
Spaghetti alla puttanesca;Pasta
Spaghetti alle erbe;Pasta
Spaghetti al pesto;Pasta
Spaghetti con le cozze;Pasta
Spaghetti con la bottarga;Pasta
Spaghetti al nero di seppia;Pasta
Spaghetti al limone;Pasta
Spaghetti al sugo di carne;Pasta
Spaghetti alla gricia;Pasta
Spaghetti all'amatriciana;Pasta
Spaghetti alla norma;Pasta
Spaghetti con le sarde;Pasta
Spaghetti con le zucchine;Pasta
Spaghetti con il tonno;Pasta
Spaghetti alla chitarra;Pasta
Spaghetti alla marinara;Pasta
Spaghetti con le melanzane;Pasta
Spaghetti alla boscaiola;Pasta
Spaghetti con il ragù bianco;Pasta
Spaghetti con il ragù alla bolognese;Pasta
Spaghetti con il ragù alla napoletana;Pasta
Spaghetti con il ragù alla genovese;Pasta
Spaghetti con il ragù di cinghiale;Pasta
Spaghetti al tartufo nero;Pasta
Spaghetti all'uovo;Pasta
Tagliatelle alla Bolognese;Pasta
Tagliatelle al ragù di carne;Pasta
Tagliatelle al pesto di rucola;Pasta
Tagliatelle al ragù bianco;Pasta
Tagliatelle al ragù di funghi;Pasta
Tagliatelle al ragù alla napoletana;Pasta
Tagliatelle al tartufo;Pasta
Tagliatelle ai frutti di mare;Pasta
Tagliatelle al salmone;Pasta
Tagliatelle al radicchio;Pasta
Tagliatelle ai gamberi;Pasta
Tagliatelle al limone;Pasta
Tagliatelle alla crema di asparagi;Pasta
Tagliatelle ai carciofi;Pasta
Tagliatelle all'arrabbiata;Pasta
Tagliatelle ai funghi porcini;Pasta
Tagliatelle alla carbonara;Pasta
Tagliatelle al gorgonzola;Pasta
Tagliatelle alle melanzane;Pasta
Tagliatelle alle zucchine;Pasta
Tagliatelle al radicchio rosso;Pasta
Tagliatelle con fagiolini e pomodorini;Pasta
Tagliatelle al tonno;Pasta
Tagliatelle al prosciutto crudo;Pasta
Tagliatelle al radicchio e speck;Pasta
Tagliatelle al tartufo bianco;Pasta
Tagliatelle al sugo di pesce;Pasta
Tagliatelle alla boscaiola;Pasta
Tagliatelle ai 4 formaggi;Pasta
Lasagne alla Bolognese;Pasta
Lasagne al ragù di carne;Pasta
Lasagne al pesto;Pasta
Lasagne ai funghi;Pasta
Lasagne alle verdure;Pasta
Lasagne al salmone;Pasta
Lasagne alla crema di asparagi;Pasta
Lasagne ai frutti di mare;Pasta
Lasagne ai carciofi;Pasta
Lasagne ai gamberi;Pasta
Lasagne al tartufo;Pasta
Lasagne alla zucca;Pasta
Lasagne ai fiori di zucca;Pasta
Lasagne alle melanzane;Pasta
Lasagne alla carbonara;Pasta
Lasagne al gorgonzola;Pasta
Lasagne al radicchio;Pasta
Lasagne al prosciutto e piselli;Pasta
Lasagne al radicchio rosso;Pasta
Lasagne alla norma;Pasta
Lasagne al tonno;Pasta
Lasagne al radicchio e speck;Pasta
Lasagne al ragù bianco;Pasta
Lasagne ai quattro formaggi;Pasta
Lasagne alla fiorentina;Pasta
Lasagne alla sorrentina;Pasta
Lasagne al ragù alla napoletana;Pasta
Lasagne al ragù di cinghiale;Pasta
Lasagne alla boscaiola;Pasta
Fusilli alla primavera;Pasta
Fusilli al pesto;Pasta
Fusilli al limone;Pasta
Fusilli ai gamberi;Pasta
Fusilli alle zucchine;Pasta
Fusilli alla carbonara;Pasta
Fusilli ai funghi;Pasta
Fusilli ai carciofi;Pasta
Fusilli al salmone;Pasta
Fusilli al ragù di carne;Pasta
Fusilli al sugo di pomodoro;Pasta
Fusilli al sugo di salsiccia;Pasta
Fusilli al sugo di pollo;Pasta
Fusilli al sugo di funghi porcini;Pasta
Fusilli al sugo di pesce;Pasta
Fusilli al sugo di cinghiale;Pasta
Fusilli al sugo di melanzane;Pasta
Fusilli al sugo di tonno;Pasta
Fusilli ai frutti di mare;Pasta
Fusilli alle olive e pomodorini;Pasta
Fusilli alla puttanesca;Pasta
Fusilli al radicchio e speck;Pasta
Fusilli alla boscaiola;Pasta
Fusilli alla norma;Pasta
Fusilli ai 4 formaggi;Pasta
Fusilli alla trapanese;Pasta
Fusilli alla crema di zucchine;Pasta
Fusilli con crema di spinaci;Pasta
Fusilli alla vodka;Pasta
Bocadillo de jamón serrano;Sandwich
Bocadillo de tortilla española;Sandwich
Bocadillo de lomo;Sandwich
Bocadillo de chorizo;Sandwich
Bocadillo de calamares;Sandwich
Bocadillo de atún con tomate;Sandwich
Bocadillo de pollo con mayonesa;Sandwich
Bocadillo de queso manchego;Sandwich
Bocadillo de vegetales asados;Sandwich
Bocadillo de bacon con huevo frito;Sandwich
Bocadillo de salmón ahumado;Sandwich
Bocadillo de gambas al ajillo;Sandwich
Bocadillo de pavo con aguacate;Sandwich
Bocadillo de ternera con cebolla caramelizada;Sandwich
Bocadillo de berenjena con queso de cabra;Sandwich
Bocadillo de paté de hígado de pollo;Sandwich
Bocadillo de ternera con queso brie;Sandwich
Bocadillo de escalivada;Sandwich
Bocadillo de sardinas asadas;Sandwich
Bocadillo de roast beef;Sandwich
Bocadillo de pulpo a la gallega;Sandwich
Bocadillo de salmón con queso crema;Sandwich
Bocadillo de solomillo con salsa de mostaza;Sandwich
Bocadillo de alcachofas con jamón;Sandwich
Bocadillo de salchichón ibérico;Sandwich
Bocadillo de anchoas con tomate;Sandwich
Bocadillo de bacalao con pimientos;Sandwich
Bocadillo de hamburguesa con queso;Sandwich
Bocadillo de pollo a la parrilla con verduras;Sandwich
Omelette aux légumes;Déjeuner
Croissant avec confiture;Déjeuner
Yaourt avec granola et fruits;Déjeuner
Sandwich au jambon et fromage;Déjeuner
Salade de poulet grillé;Déjeuner
Crêpes au sirop d'érable;Déjeuner
Toast à l'avocat et œufs pochés;Déjeuner
Smoothie aux baies et épinards;Déjeuner
Bowl de quinoa et légumes rôtis;Déjeuner
Œufs brouillés avec bacon;Déjeuner
Pain perdu avec sirop de caramel;Déjeuner
Salade de thon et légumes croquants;Déjeuner
Bagel au saumon fumé;Déjeuner
Porridge d'avoine avec fruits secs;Déjeuner
Wrap aux légumes grillés;Déjeuner
Bowl de smoothie aux fruits tropicaux;Déjeuner
Quiche aux épinards et feta;Déjeuner
Tartine de saumon et fromage frais;Déjeuner
Salade de quinoa aux pois chiches;Déjeuner
Œufs bénédictine avec sauce hollandaise;Déjeuner
Muesli avec yaourt et fruits frais;Déjeuner
Croque-monsieur avec salade verte;Déjeuner
Pancakes avec sirop d'érable et fruits;Déjeuner
Salade de lentilles et légumes grillés;Déjeuner
Pain aux bananes et aux noix;Déjeuner
Sandwich végétarien avec houmous;Déjeuner
Quiche aux champignons et gruyère;Déjeuner
Bol de smoothie à la mangue et noix de coco;Déjeuner
Crêpes aux myrtilles et crème fouettée;Déjeuner
Tarte aux légumes;Déjeuner
Risotto aux champignons;Risotto
Risotto à la truffe;Risotto
Risotto au safran;Risotto
Risotto au parmesan;Risotto
Risotto aux fruits de mer;Risotto
Risotto aux asperges;Risotto
Risotto à la courge;Risotto
Risotto aux épinards;Risotto
Risotto aux artichauts;Risotto
Risotto aux crevettes;Risotto
Risotto aux tomates séchées;Risotto
Risotto à l'ail;Risotto
Risotto aux poivrons;Risotto
Risotto aux petits pois;Risotto
Risotto aux calamars;Risotto
Risotto au poulet;Risotto
Risotto au canard;Risotto
Risotto aux champignons et aux épinards;Risotto
Risotto aux noix de Saint-Jacques;Risotto
Risotto aux courgettes et au parmesan;Risotto
Risotto à la ricotta et aux épinards;Risotto
Risotto au citron;Risotto
Risotto au gorgonzola;Risotto
Risotto au radicchio;Risotto
Risotto à la bière;Risotto
Risotto aux poireaux;Risotto
Risotto au fenouil;Risotto
Risotto au chorizo;Risotto
Risotto aux aubergines;Risotto
Burrito au poulet;Burrito
Burrito au boeuf;Burrito
Burrito au porc;Burrito
Burrito végétarien;Burrito
Burrito aux haricots noirs;Burrito
Burrito aux légumes grillés;Burrito
Burrito aux oeufs et chorizo;Burrito
Burrito aux crevettes;Burrito
Burrito au saumon;Burrito
Burrito à la dinde;Burrito
Burrito à l'avocat;Burrito
Burrito à la mangue;Burrito
Burrito à la patate douce;Burrito
Burrito au fromage;Burrito
Burrito à la salade;Burrito
Burrito à la salsa;Burrito
Burrito à la coriandre;Burrito
Burrito aux poivrons;Burrito
Burrito aux champignons;Burrito
Burrito à la mexicaine;Burrito
Burrito à la sauce tomate;Burrito
Burrito au riz;Burrito
Burrito aux lentilles;Burrito
Burrito au quinoa;Burrito
Burrito aux épinards;Burrito
Burrito à l'ail;Burrito
Burrito à la lime;Burrito
Burrito au maïs;Burrito
Burrito au fromage de chèvre;Burrito
Burrito au boeuf haché;Burrito
Hot dog classique;Hot dog
Hot dog au bacon;Hot dog
Hot dog au chili;Hot dog
Hot dog végétarien;Hot dog
Hot dog au fromage;Hot dog
Hot dog à l'oignon;Hot dog
Hot dog à la moutarde;Hot dog
Hot dog à la mayonnaise;Hot dog
Hot dog à la relish;Hot dog
Hot dog à la sauce barbecue;Hot dog
Hot dog à la sauce ranch;Hot dog
Hot dog à la sauce chili;Hot dog
Hot dog à la sauce tomate;Hot dog
Hot dog à la coriandre;Hot dog
Hot dog à la saucisse fumée;Hot dog
Hot dog à la saucisse de veau;Hot dog
Hot dog à la saucisse de porc;Hot dog
Hot dog à la saucisse de poulet;Hot dog
Hot dog à la saucisse de boeuf;Hot dog
Hot dog à la saucisse au fromage;Hot dog
Hot dog à la saucisse épicée;Hot dog
Hot dog à la saucisse douce;Hot dog
Hot dog à la saucisse de francfort;Hot dog
Hot dog à la saucisse de viande;Hot dog
Hot dog à la saucisse merguez;Hot dog
Hot dog à la saucisse italienne;Hot dog
Hot dog à la saucisse de dinde;Hot dog
Hot dog à la saucisse de tofu;Hot dog
Kebab classique;Kebab
Kebab à l'agneau;Kebab
Kebab à la dinde;Kebab
Kebab végétarien;Kebab
Kebab à la viande hachée;Kebab
Kebab au poulet;Kebab
Kebab au boeuf;Kebab
Kebab à l'ail;Kebab
Kebab à la coriandre;Kebab
Kebab à la tomate;Kebab
Kebab à la laitue;Kebab
Kebab à l'oignon;Kebab
Kebab à la sauce blanche;Kebab
Kebab à la sauce harissa;Kebab
Kebab à la sauce piquante;Kebab
Kebab à la sauce curry;Kebab
Kebab à la sauce barbecue;Kebab
Kebab à la sauce aigre-douce;Kebab
Kebab à la feta;Kebab
Kebab à l'avocat;Kebab
Kebab à la mozzarella;Kebab
Kebab à la salade grecque;Kebab
Kebab à la roquette;Kebab
Kebab à la carotte râpée;Kebab
Kebab au tzatziki;Kebab
Kebab au houmous;Kebab
Kebab au guacamole;Kebab
Kebab à l'aubergine grillée;Kebab
Kebab à la courgette grillée;Kebab
Brochette de poulet;Brochetterie
Brochette de boeuf;Brochetterie
Brochette d'agneau;Brochetterie
Brochette de crevettes;Brochetterie
Brochette de saumon;Brochetterie
Brochette de légumes grillés;Brochetterie
Brochette de tofu mariné;Brochetterie
Brochette de porc;Brochetterie
Brochette de dinde;Brochetterie
Brochette de fruits;Brochetterie
Brochette de viande hachée;Brochetterie
Brochette de poulet tandoori;Brochetterie
Brochette de poulet cajun;Brochetterie
Brochette de poulet teriyaki;Brochetterie
Brochette de boeuf mariné à l'ail;Brochetterie
Brochette de boeuf mariné au vin rouge;Brochetterie
Brochette de boeuf aux épices indiennes;Brochetterie
Brochette de boeuf aux herbes de Provence;Brochetterie
Brochette de saumon mariné au citron;Brochetterie
Brochette de crevettes à la thaïlandaise;Brochetterie
Brochette de crevettes à l'ail et au persil;Brochetterie
Brochette de légumes grillés à la méditerranéenne;Brochetterie
Brochette de tofu aux épices marocaines;Brochetterie
Brochette de porc à la sauce barbecue;Brochetterie
Brochette de porc aux herbes de Provence;Brochetterie
Brochette de dinde à la moutarde et au miel;Brochetterie
Brochette de fruits exotiques;Brochetterie
Brochette de fruits rouges;Brochetterie
Brochette de fruits frais;Brochetterie
Saumon grillé aux herbes;Poisson
Pavé de cabillaud poché;Poisson
Curry de crevettes;Poisson
Filet de bar grillé;Poisson
Filet de sole meunière;Poisson
Moules marinières;Poisson
Crevettes sautées à l'ail;Poisson
Haddock fumé sur un lit de lentilles;Poisson
Brochettes de poissons grillées;Poisson
Risotto aux fruits de mer;Poisson
Papillote de saumon et légumes;Poisson
Soupe de poisson;Poisson
Tartare de saumon;Poisson
Brandade de morue;Poisson
Gratin de fruits de mer;Poisson
Tarte à la tomate et au thon;Poisson
Poisson au four à la provençale;Poisson
Fish and chips;Poisson
Salade de thon;Poisson
Cabillaud rôti au four;Poisson
Paella de fruits de mer;Poisson
Tacos de poisson;Poisson
Calamars grillés;Poisson
Croquettes de poisson;Poisson
Poisson frit;Poisson
Brochettes de saumon et légumes grillés;Poisson
Poisson grillé à la coriandre et au citron vert;Poisson
Moules à la crème;Poisson
Salade de crevettes;Poisson
Linguine aux fruits de mer;Poisson
Brochettes de crevettes grillées;Poisson
Tartelette au saumon fumé;Poisson
Cabillaud en croûte de sel;Poisson
Crevettes grillées au barbecue;Poisson
Boulettes de poisson sauce tomate;Poisson
Pavé de saumon sauce béarnaise;Poisson
Coquilles Saint-Jacques gratinées;Poisson
Ceviche de poisson blanc;Poisson
Thon à la plancha;Poisson
Gratin de cabillaud à la moutarde;Poisson
Poisson en papillote au curry;Poisson
Salade de poulpe;Poisson
Soupe de poisson à la rouille;Poisson
Cabillaud en croûte de noix de coco;Poisson
Filet de truite sauce amande;Poisson
Lasagnes aux fruits de mer;Poisson
Tacos de crevettes;Poisson
Saumon fumé et sa salade de pommes de terre;Poisson
Bouillabaisse;Poisson
Curry de poisson et légumes;Poisson
Salade de saumon fumé et avocat;Poisson
Raviolis de poisson;Poisson
Brandade de saumon;Poisson
Brochettes de saumon teriyaki;Poisson
Filet de lieu noir sauce hollandaise;Poisson
Poisson à l'oseille;Poisson
Saumon en croûte d'amandes;Poisson
Salade de fruits de mer;Poisson
Tartare de saumon;Poisson
Crevettes sautées à l'ail;Poisson
Quenelles de brochet sauce Nantua;Poisson
Soupe de poisson aux légumes;Poisson
Saumon mariné à l'aneth;Poisson
Risotto aux fruits de mer;Poisson
Cabillaud en croûte de chorizo;Poisson
Sardines farcies;Poisson
Tarte au thon;Poisson
Terrine de poisson;Poisson
Brochettes de poissons grillées;Poisson
Beignets de crevettes;Poisson
Moules à la marinière;Poisson
Paëlla aux fruits de mer;Poisson
Pavé de saumon rôti au four;Poisson
Calamars à la plancha;Poisson
Lasagne au saumon fumé;Poisson
Thon grillé sauce soja;Poisson
Croquettes de poisson;Poisson
Salade de poulpe et de calamars;Poisson
Filet de perche sauce au beurre;Poisson
Choucroute de la mer;Poisson
Poisson à la bordelaise;Poisson
Filet de bar en croûte d'herbes;Poisson
Salade de crevettes et avocat;Poisson
Tarte aux crevettes;Poisson
Moules à la crème;Poisson
Marmite de poisson;Poisson
Filet de merlu à la bordelaise;Poisson
Brochettes de saumon grillé;Poisson
Accras de morue;Poisson
Soupe de poisson et crustacés;Poisson
Crevettes à la plancha;Poisson
Pavé de saumon grillé;Poisson
Brandade de morue;Poisson
Coques à la marinière;Poisson
Paupiettes de poisson;Poisson
Terrine de saumon fumé;Poisson
Spaghetti aux palourdes;Poisson
Poulet au curry rouge;Wok
Nouilles sautées aux crevettes;Wok
Tofu aux légumes sautés;Wok
Porc sauté aux légumes;Wok
Boeuf sauté aux oignons et aux poivrons;Wok
Nouilles de riz sautées au boeuf;Wok
Crevettes sautées aux légumes;Wok
Nouilles sautées au poulet et aux légumes;Wok
Riz sauté aux légumes;Wok
Nouilles sautées au boeuf et aux brocolis;Wok
Poisson sauté aux légumes;Wok
Nouilles sautées au poulet et aux champignons;Wok
Porc sauté aux nouilles chinoises;Wok
Nouilles sautées aux légumes et au tofu;Wok
Boeuf sauté aux nouilles soba;Wok
Nouilles sautées au boeuf et aux carottes;Wok
Crevettes sautées aux nouilles udon;Wok
Nouilles sautées au porc et au chou;Wok
Poulet sauté aux nouilles soba;Wok
Nouilles sautées aux légumes et au boeuf haché;Wok
Boeuf sauté aux légumes et aux nouilles soba;Wok
Crevettes sautées aux nouilles soba;Wok
Nouilles sautées au tofu et aux légumes;Wok
Porc sauté aux nouilles udon;Wok
Nouilles sautées au poulet et aux haricots verts;Wok
Nouilles sautées aux crevettes et aux champignons;Wok
Boeuf sauté aux nouilles udon;Wok
Nouilles sautées au poulet et au gingembre;Wok
Crevettes sautées aux nouilles de riz;Wok
Nouilles sautées au boeuf et aux oignons verts;Wok
Nouilles sautées au poulet et aux légumes asiatiques;Wok
Boeuf sauté aux nouilles aux oeufs;Wok
Crevettes sautées aux nouilles soba et aux légumes;Wok
Nouilles sautées au porc et aux champignons;Wok
Nouilles sautées au poulet et aux asperges;Wok
Nouilles sautées au boeuf et aux légumes chinois;Wok
Crevettes sautées au brocoli et aux nouilles de riz;Wok
Nouilles sautées au tofu et aux brocolis;Wok
Porc sauté aux vermicelles de riz;Wok
Nouilles sautées au poulet et aux épinards;Wok
Boeuf sauté aux légumes chinois et aux nouilles soba;Wok
Nouilles sautées au poulet et aux poivrons;Wok
Crevettes sautées au curry vert et aux légumes;Wok
Nouilles sautées au boeuf et aux champignons shiitake;Wok
Nouilles sautées au tofu et aux asperges;Wok
Porc sauté aux nouilles chinoises et aux légumes;Wok
Nouilles sautées au poulet et aux champignons;Wok
Boeuf sauté aux nouilles udon et aux légumes;Wok
Nouilles sautées aux crevettes et aux asperges;Wok
Nouilles sautées au poulet et aux nouilles soba;Wok
Crevettes sautées aux légumes et aux nouilles de riz;Wok
Nouilles sautées au boeuf et aux asperges;Wok
Porc sauté aux nouilles soba et aux légumes;Wok
Nouilles sautées au poulet et aux légumes du jardin;Wok
Boeuf sauté aux nouilles chinoises et aux légumes;Wok
Nouilles sautées aux crevettes et aux poivrons;Wok
Nouilles sautées au tofu et aux poivrons;Wok
Porc sauté aux nouilles soba et aux champignons;Wok
Nouilles sautées au poulet et aux champignons shiitake;Wok
Crevettes sautées aux légumes et aux nouilles udon;Wok
Nouilles sautées au boeuf et aux nouilles de riz;Wok
Nouilles sautées au poulet et aux champignons shiitake;Wok
Boeuf sauté aux légumes asiatiques et aux nouilles soba;Wok
Nouilles sautées aux crevettes et aux champignons;Wok
Nouilles sautées au tofu et aux champignons shiitake;Wok
Porc sauté aux nouilles udon et aux légumes;Wok
Nouilles sautées au poulet et aux brocolis;Wok
Crevettes sautées aux nouilles chinoises et aux légumes;Wok
Shawarma de poulet;Shawarma
Shawarma de boeuf;Shawarma
Shawarma d'agneau;Shawarma
Shawarma végétarien;Shawarma
Shawarma libanais;Shawarma
Shawarma turc;Shawarma
Shawarma grec;Shawarma
Shawarma égyptien;Shawarma
Shawarma syrien;Shawarma
Shawarma irakien;Shawarma
Shawarma marocain;Shawarma
Shawarma tunisien;Shawarma
Shawarma libyen;Shawarma
Shawarma algérien;Shawarma
Shawarma palestinien;Shawarma
Shawarma israélien;Shawarma
Shawarma jordanien;Shawarma
Shawarma saoudien;Shawarma
Shawarma koweïtien;Shawarma
Shawarma qatarien;Shawarma
Shawarma émirati;Shawarma
Shawarma yéménite;Shawarma
Shawarma afghan;Shawarma
Shawarma indien;Shawarma
Shawarma pakistanais;Shawarma
Shawarma bangladais;Shawarma
Shawarma iranien;Shawarma
Shawarma iranien;Shawarma
Shawarma turkmène;Shawarma
Steak;Grillades
Brochette de boeuf;Grillades
Côte de porc;Grillades
Poulet grillé;Grillades
Saucisse grillée;Grillades
Poisson grillé;Grillades
Gambas grillées;Grillades
Brochette de poulet;Grillades
Entrecôte;Grillades
Magret de canard grillé;Grillades
Saumon grillé;Grillades
Tournedos grillé;Grillades
Escalope de veau grillée;Grillades
Côtelette d'agneau grillée;Grillades
Crevettes grillées;Grillades
Filet mignon grillé;Grillades
Brochette de fruits de mer;Grillades
Foie gras grillé;Grillades
Ribs;Grillades
Steak haché grillé;Grillades
Brochette de légumes grillés;Grillades
Onglet de boeuf grillé;Grillades
Brochette de saumon;Grillades
Faux-filet grillé;Grillades
Brochette de crevettes;Grillades
Brochette de tofu grillé;Grillades
Filet de truite grillé;Grillades
Côte de veau grillée;Grillades
Gambas à la plancha;Grillades
Brochette de boeuf mariné;Grillades
Côte d'agneau marinée;Grillades
Saucisse merguez grillée;Grillades
Brochette de poulet mariné;Grillades
Queue de langouste grillée;Grillades
Magret de canard mariné;Grillades
Pavé de saumon grillé;Grillades
Andouillette grillée;Grillades
Brochette de porc mariné;Grillades
Saint-Jacques grillées;Grillades
Côte de veau marinée;Grillades
Râble de lapin grillé;Grillades
Poitrine de porc grillée;Grillades
Brochette de fruits grillés;Grillades
Encornets grillés;Grillades
Brochette de tofu mariné;Grillades
Coeur de boeuf grillé;Grillades
Brochette de canard mariné;Grillades
Filet de lotte grillé;Grillades
Brochette d'agneau mariné;Grillades
Bar grillé;Grillades
Brochette de légumes marinés;Grillades
Faux-filet mariné;Grillades
Moules grillées;Grillades
Brochette de gambas marinées;Grillades
Echine de porc grillée;Grillades
Côte de boeuf grillée;Grillades
Brochette de tofu et légumes grillés;Grillades
Brochette de crevettes marinées;Grillades
Brochette de seiches;Grillades
Magret de canard grillé au miel;Grillades
Pavé de thon grillé;Grillades
Brochette de saint-jacques et crevettes;Grillades
Brochette de viande hachée grillée;Grillades
Côte de porc marinée;Grillades
Brochette de poulet et légumes grillés;Grillades
Mulet grillé;Grillades
Brochette de foie gras grillé;Grillades
Côte de veau grillée marinée;Grillades
Hawaï;Boisson
POM Wonderful;Boisson
Casablanca Cola;Boisson
Afri Cola;Boisson
Sidi Ali;Boisson
Joud;Boisson
Limonade Mejjad;Boisson
Tangéroise;Boisson
Gazelle;Boisson
Coca-Cola;Boisson
Pepsi;Boisson
Sprite;Boisson
Fanta;Boisson
7 Up;Boisson
Mountain Dew;Boisson
Dr Pepper;Boisson
Schweppes;Boisson
Orangina;Boisson
Oasis;Boisson
Red Bull;Boisson
Monster Energy;Boisson
Nespresso;Café
Lavazza;Café
Illy;Café
Starbucks;Café
Dunkin';Café
Senseo;Café
Tassimo;Café
Lipton;Thé
Twinings;Thé
Dilmah;Thé
Tetley;Thé
PG Tips;Thé
Harney & Sons;Thé
Celestial Seasonings;Thé
Bigelow;Thé
Yogi Tea;Thé
Mighty Leaf Tea;Thé
Mariage Frères;Thé
Espresso;Café
Ristretto;Café
Lungo;Café
Americano;Café
Cappuccino;Café
Latte Macchiato;Café
Café au lait;Café
Café crème;Café
Café glacé;Café
Mocha;Café
Frappuccino;Café
Irish Coffee;Café
Café noisette;Café
Café turc;Café
Café filtre;Café
Café instantané;Café
Café décaféiné;Café
Café viennois;Café
Espresso Macchiato;Café
Cortado;Café
Flat White;Café
Café coréen;Café
Café italien;Café
Café espagnol;Café
Café portugais;Café
Café grec;Café
Café cubain;Café
Café mexicain;Café
Café colombien;Café
Café jamaïcain;Café
Café brésilien;Café
Café péruvien;Café
Café indien;Café
Café indonésien;Café
Café éthiopien;Café
Café kenyan;Café
Café tanzanien;Café
Café rwandais;Café
Café congolais;Café
Thé vert;Thé
Thé noir;Thé
Thé blanc;Thé
Thé rouge;Thé
Thé Oolong;Thé
Matcha;Thé
Genmaicha;Thé
Hojicha;Thé
Gyokuro;Thé
Sencha;Thé
Bancha;Thé
Darjeeling;Thé
Assam;Thé
Ceylan;Thé
Earl Grey;Thé
English Breakfast;Thé
Irish Breakfast;Thé
Masala Chai;Thé
Rooibos;Thé
Honeybush;Thé
Mate;Thé
Thé à la menthe;Thé
Thé au jasmin;Thé
Thé au gingembre;Thé
Thé au citron;Thé
Thé à la camomille;Thé
Thé à la lavande;Thé
Thé au jasmin;Thé
Thé au tilleul;Thé
Thé à la rose;Thé
Thé à la bergamote;Thé
Thé à la cannelle;Thé
Thé au chocolat;Thé
Thé à la fraise;Thé
Thé à la vanille;Thé
Thé à la pêche;Thé
Thé à la framboise;Thé
Thé au caramel;Thé
Thé à la pomme;Thé
Thé à l'orange;Thé
Mojito fraise;Mojito
Mojito framboise;Mojito
Mojito citron vert;Mojito
Mojito mangue;Mojito
Mojito ananas;Mojito
Mojito pêche;Mojito
Mojito passion;Mojito
Mojito kiwi;Mojito
Mojito menthe poivrée;Mojito
Mojito gingembre;Mojito
Mojito fraise;Mojito
Mojito framboise;Mojito
Mojito citron vert;Mojito
Mojito mangue;Mojito
Mojito ananas;Mojito
Mojito pêche;Mojito
Mojito passion;Mojito
Mojito kiwi;Mojito
Mojito menthe poivrée;Mojito
Mojito gingembre;Mojito
Mojito cerise;Mojito
Mojito melon;Mojito
Mojito orange sanguine;Mojito
Mojito blueberry;Mojito
Mojito cassis;Mojito
Mojito grenade;Mojito
Mojito lavande;Mojito
Mojito concombre;Mojito
Mojito citronnelle;Mojito
Mojito verveine;Mojito
Smoothie à la banane;Smoothie
Smoothie aux fraises;Smoothie
Smoothie à la mangue;Smoothie
Smoothie à l'ananas;Smoothie
Smoothie aux myrtilles;Smoothie
Smoothie aux framboises;Smoothie
Smoothie à la pastèque;Smoothie
Smoothie au melon;Smoothie
Smoothie à la papaye;Smoothie
Smoothie à la noix de coco;Smoothie
Smoothie à la poire;Smoothie
Smoothie aux kiwis;Smoothie
Smoothie à la pomme;Smoothie
Smoothie à l'avocat;Smoothie
Smoothie à la pêche;Smoothie
Smoothie à la cerise;Smoothie
Smoothie aux agrumes;Smoothie
Smoothie à la carotte;Smoothie
Smoothie à la patate douce;Smoothie
Smoothie à la courge musquée;Smoothie
Smoothie au concombre;Smoothie
Smoothie à la betterave;Smoothie
Smoothie à la tomate;Smoothie
Smoothie à l'épinard;Smoothie
Smoothie à la bette à carde;Smoothie
Smoothie à la menthe;Smoothie
Smoothie au gingembre;Smoothie
Smoothie à la vanille;Smoothie
Smoothie au chocolat;Smoothie
Smoothie au café;Smoothie
Smoothie à l'avoine;Smoothie
Smoothie à la noix de cajou;Smoothie
Smoothie à l'amande;Smoothie
Smoothie à la pistache;Smoothie
Smoothie au matcha;Smoothie
Smoothie à la lavande;Smoothie
Smoothie à la rose;Smoothie
Smoothie à la cardamome;Smoothie
Smoothie au curcuma;Smoothie
Milkshake de vanille;Milkshake
Milkshake au chocolat;Milkshake
Milkshake aux fraises;Milkshake
Milkshake à la banane;Milkshake
Milkshake aux noix;Milkshake
Milkshake à la mangue;Milkshake
Milkshake au café;Milkshake
Milkshake à la pistache;Milkshake
Milkshake à la pêche;Milkshake
Milkshake à la cerise;Milkshake
Milkshake à la myrtille;Milkshake
Milkshake au caramel;Milkshake
Milkshake à la framboise;Milkshake
Milkshake à la menthe;Milkshake
Milkshake aux amandes;Milkshake
Milkshake au lait d'amande;Milkshake
Milkshake au lait d'avoine;Milkshake
Milkshake à la noix de coco;Milkshake
Milkshake au lait de coco;Milkshake
Milkshake à l'orange;Milkshake
Milkshake au citron;Milkshake
Milkshake à la pomme;Milkshake
Milkshake au kiwi;Milkshake
Milkshake à l'ananas;Milkshake
Milkshake à la cannelle;Milkshake
Milkshake à la mangue et noix de coco;Milkshake
Milkshake au melon;Milkshake
Milkshake à la rhubarbe;Milkshake
Milkshake à la pastèque;Milkshake
Milkshake à la grenade;Milkshake
Milkshake à la prune;Milkshake
Milkshake à l'avocat;Milkshake
Milkshake à la courge musquée;Milkshake
Milkshake à la cardamome;Milkshake
Milkshake au matcha;Milkshake
Milkshake au chocolat blanc;Milkshake
Milkshake à la figue;Milkshake
Milkshake à la pomme verte;Milkshake
Milkshake à la lavande;Milkshake
Pâtes avec sauce bolognaise;Pasta
Pâtes à la carbonara;Pasta
Pâtes à l'ail et au beurre;Pasta
Pâtes au pesto;Pasta
Pâtes à la crème et au saumon;Pasta
Pâtes à la sauce tomate;Pasta
Pâtes aux champignons;Pasta
Pâtes aux épinards et à la crème;Pasta
Pâtes au fromage;Pasta
Pâtes aux fruits de mer;Pasta
Pâtes aux légumes grillés;Pasta
Pâtes aux palourdes;Pasta
Pâtes aux poivrons et au chorizo;Pasta
Pâtes aux saucisses italiennes;Pasta
Pâtes aux tomates séchées;Pasta
Pâtes aux crevettes et à l'ail;Pasta
Pâtes aux moules;Pasta
Pâtes à l'huile d'olive et aux herbes;Pasta
Pâtes à la viande hachée;Pasta
Pâtes à la courge butternut;Pasta
Pâtes aux artichauts;Pasta
Pâtes à la saucisse et aux poivrons;Pasta
Pâtes aux olives;Pasta
Pâtes aux poireaux et au bacon;Pasta
Pâtes au thon;Pasta
Pâtes aux tomates cerises et au basilic;Pasta
Pâtes aux légumes;Pasta
Pâtes à l'agneau;Pasta
Pâtes à la ratatouille;Pasta
Pâtes au chou-fleur;Pasta
Pâtes à la ricotta et aux épinards;Pasta
Pâtes aux boulettes de viande;Pasta
Pâtes à la courgette;Pasta
Pâtes aux anchois;Pasta
Pâtes aux poivrons et à la pancetta;Pasta
Pâtes à la saucisse et aux champignons;Pasta
Pâtes à la crème et aux champignons;Pasta
Pâtes à l'ail et aux crevettes;Pasta
Pâtes à la saucisse et aux poireaux;Pasta
Pâtes à la saucisse et aux brocolis;Pasta
Pasticcio alla Bolognese;Pasticcio
Pasticcio di Carnevale;Pasticcio
Pasticcio di Lasagne;Pasticcio
Pasticcio di Melanzane;Pasticcio
Pasticcio di Zucchine;Pasticcio
Pasticcio di Verdure;Pasticcio
Pasticcio di Patate;Pasticcio
Pasticcio al Forno;Pasticcio
Pasticcio di Maccheroni;Pasticcio
Pasticcio di Mare;Pasticcio
Pasticcio di Carne;Pasticcio
Pasticcio di Riso;Pasticcio
Pasticcio di Cavolfiore;Pasticcio
Pasticcio di Funghi;Pasticcio
Pasticcio con Pesto;Pasticcio
Pasticcio di Verdure Gratinato;Pasticcio
Pasticcio di Fagiolini;Pasticcio
Pasticcio di Pollo;Pasticcio
Pasticcio di Salsiccia;Pasticcio
Pasticcio di Tonno;Pasticcio
Pasticcio di Pasta Fillo;Pasticcio
Pasticcio con Patate e Prosciutto;Pasticcio
Pasticcio di Broccoli;Pasticcio
Pasticcio di Fagioli Bianchi;Pasticcio
Pasticcio con Ricotta e Spinaci;Pasticcio
Pasticcio con Carciofi;Pasticcio
Pasticcio di Patate e Salmone;Pasticcio
Pasticcio di Asparagi;Pasticcio
Pasticcio con Ragu di Verdure;Pasticcio
Couscous à l'agneau et aux légumes;Couscous
Couscous au poulet et aux légumes;Couscous
Couscous royal;Couscous
Couscous végétarien;Couscous
Couscous aux fruits de mer;Couscous
Couscous tunisien;Couscous
Couscous à l'agneau et aux pois chiches;Couscous
Couscous au poulet et aux pois chiches;Couscous
Couscous aux merguez;Couscous
Couscous aux légumes et aux raisins secs;Couscous
Couscous aux épinards et aux pois chiches;Couscous
Couscous aux boulettes de viande;Couscous
Couscous au poisson;Couscous
Couscous aux courgettes et aux tomates;Couscous
Couscous au chou-fleur;Couscous
Couscous à la citrouille et aux épices;Couscous
Couscous à l'agneau et aux abricots;Couscous
Couscous aux légumes grillés;Couscous
Couscous au poulet et à la coriandre;Couscous
Couscous aux pruneaux;Couscous
Couscous aux pois chiches et à la menthe;Couscous
Couscous aux boulettes d'agneau;Couscous
Couscous aux carottes;Couscous
Couscous au potiron et à la cannelle;Couscous
Couscous aux dattes et aux amandes;Couscous
Couscous au poulet et au citron confit;Couscous
Couscous aux épinards et aux dattes;Couscous
Couscous aux légumes d'été;Couscous
Couscous aux raisins secs et aux amandes;Couscous
Couscous à l'agneau et aux pruneaux;Couscous
Couscous aux boulettes de poulet;Couscous
Couscous à la viande hachée;Couscous
Couscous au potiron et à la feta;Couscous
Couscous aux lentilles et aux légumes;Couscous
Couscous aux épinards et aux lentilles;Couscous
Couscous aux boulettes de poisson;Couscous
Couscous aux épinards et aux fèves;Couscous
Couscous au safran;Couscous
Couscous à l'agneau et à l'ail;Couscous
Couscous aux légumes du soleil;Couscous
Couscous aux boulettes de viande et aux épinards;Couscous